,UK,Ireland,USA
Ireland,0.020682949162375373,,0.02904996099990056
USA,0.05000797311340124,0.03723267279565508,
UK,,0.028895385660574886,0.04786710427306362
